Workbook

Sheet AKILA THARANI - DAY 13
A2: Name | B2: Last Name | C2: Dept | E2: Name | F2: Last Name | G2: Dept
A3: Ravi | B3: Kumar | C3: Arts | E3: Reeta | F3: =VLOOKUP(E3, $A$3:$C$28, 2, 0) -> Yamuna | G3: =VLOOKUP(E3, $A$3:$C$28, 3, 0) -> Arts
A4: Mohan | B4: Raj | C4: arts | E4: Vimal | F4: =VLOOKUP(E4, $A$3:$C$28, 2, 0) -> Arasu | G4: =VLOOKUP(E4, $A$3:$C$28, 3, 0) -> Commerce
A5: deepthiKha | B5: Rani | C5: Arts | E5: Poorvika | F5: =VLOOKUP(E5, $A$3:$C$28, 2, 0) -> Devi | G5: =VLOOKUP(E5, $A$3:$C$28, 3, 0) -> Science
A6: Manohar | B6: Babu | C6: Commerce | E6: Jothi | F6: =VLOOKUP(E6, $A$3:$C$28, 2, 0) -> Radha | G6: =VLOOKUP(E6, $A$3:$C$28, 3, 0) -> Commerce
A7: Priyanka | B7: Devi | C7: Science | E7: Vinoth | F7: =VLOOKUP(E7, $A$3:$C$28, 2, 0) -> Muthu | G7: =VLOOKUP(E7, $A$3:$C$28, 3, 0) -> Commerce
A8: Vinoth | B8: Muthu | C8: Commerce | E8: Raghul | F8: =VLOOKUP(E8, $A$3:$C$28, 2, 0) -> Arul | G8: =VLOOKUP(E8, $A$3:$C$28, 3, 0) -> Arts
A9: Shanthi | B9: Lakshmi | C9: Arts | E9: Chandru | F9: =VLOOKUP(E9, $A$3:$C$28, 2, 0) -> Raja | G9: =VLOOKUP(E9, $A$3:$C$28, 3, 0) -> Science
A10: manimegalai | B10: Selvi | C10: Commerce | E10: Parthiban | F10: =VLOOKUP(E10, $A$3:$C$28, 2, 0) -> Bala | G10: =VLOOKUP(E10, $A$3:$C$28, 3, 0) -> Science
A11: Karthi | B11: Velu | C11: Commerce | E11: Santhosh | F11: =VLOOKUP(E11, $A$3:$C$28, 2, 0) -> Gokul | G11: =VLOOKUP(E11, $A$3:$C$28, 3, 0) -> Arts | J11: Day 13 – Lookup & Reference Functions (Part 1)
A12: Mari | B12: Gopi | C12: Science
A13: Mahesh | B13: Sekar | C13: arts | I13: Use: VLOOKUP()
A14: sangeetha | B14: Raji | C14: Science | I14: Task: Duplicate the dataset using Vlookup function.
A15: Raghul | B15: Arul | C15: Arts
A16: Jothi | B16: Radha | C16: Commerce
A17: Anisha | B17: Meena | C17: Commerce
A18: Venkat | B18: Hari | C18: Commerce
A19: Chandru | B19: Raja | C19: Science | F19: Above table is duplicated using VLOOKUP Function with random name from given dataset , VLOOKUP Reference used in Sheet 2 with same dataset
A20: Dinesh | B20: Kumar | C20: Arts
A21: Poorvika | B21: Devi | C21: Science
A22: Vimal | B22: Arasu | C22: Commerce
A23: Chandru | B23: Raja | C23: Science
A24: Parthiban | B24: Bala | C24: Science
A25: Santhosh | B25: Gokul | C25: Arts
A26: Keerthika | B26: divya | C26: Arts
A27: Reeta | B27: Yamuna | C27: Arts
A28: Lalitha | B28: Nila | C28: Science

Sheet Sheet2
A1: Name | B1: Last Name | C1: Dept
A2: Ravi | B2: =VLOOKUP($A2,'AKILA THARANI - DAY 13'!$A$3:$C$28,2,0) -> Kumar | C2: =VLOOKUP($A2,'AKILA THARANI - DAY 13'!$A$3:$C$28,3,0) -> Arts
A3: Mohan | B3: =VLOOKUP($A3,'AKILA THARANI - DAY 13'!$A$3:$C$28,2,0) -> Raj | C3: =VLOOKUP($A3,'AKILA THARANI - DAY 13'!$A$3:$C$28,3,0) -> arts
A4: deepthiKha | B4: =VLOOKUP($A4,'AKILA THARANI - DAY 13'!$A$3:$C$28,2,0) -> Rani | C4: =VLOOKUP($A4,'AKILA THARANI - DAY 13'!$A$3:$C$28,3,0) -> Arts
A5: Manohar | B5: =VLOOKUP($A5,'AKILA THARANI - DAY 13'!$A$3:$C$28,2,0) -> Babu | C5: =VLOOKUP($A5,'AKILA THARANI - DAY 13'!$A$3:$C$28,3,0) -> Commerce
A6: Priyanka | B6: =VLOOKUP($A6,'AKILA THARANI - DAY 13'!$A$3:$C$28,2,0) -> Devi | C6: =VLOOKUP($A6,'AKILA THARANI - DAY 13'!$A$3:$C$28,3,0) -> Science
A7: Vinoth | B7: =VLOOKUP($A7,'AKILA THARANI - DAY 13'!$A$3:$C$28,2,0) -> Muthu | C7: =VLOOKUP($A7,'AKILA THARANI - DAY 13'!$A$3:$C$28,3,0) -> Commerce
A8: Shanthi | B8: =VLOOKUP($A8,'AKILA THARANI - DAY 13'!$A$3:$C$28,2,0) -> Lakshmi | C8: =VLOOKUP($A8,'AKILA THARANI - DAY 13'!$A$3:$C$28,3,0) -> Arts
A9: manimegalai | B9: =VLOOKUP($A9,'AKILA THARANI - DAY 13'!$A$3:$C$28,2,0) -> Selvi | C9: =VLOOKUP($A9,'AKILA THARANI - DAY 13'!$A$3:$C$28,3,0) -> Commerce
A10: Karthi | B10: =VLOOKUP($A10,'AKILA THARANI - DAY 13'!$A$3:$C$28,2,0) -> Velu | C10: =VLOOKUP($A10,'AKILA THARANI - DAY 13'!$A$3:$C$28,3,0) -> Commerce
A11: Mari | B11: =VLOOKUP($A11,'AKILA THARANI - DAY 13'!$A$3:$C$28,2,0) -> Gopi | C11: =VLOOKUP($A11,'AKILA THARANI - DAY 13'!$A$3:$C$28,3,0) -> Science
A12: Mahesh | B12: =VLOOKUP($A12,'AKILA THARANI - DAY 13'!$A$3:$C$28,2,0) -> Sekar | C12: =VLOOKUP($A12,'AKILA THARANI - DAY 13'!$A$3:$C$28,3,0) -> arts
A13: sangeetha | B13: =VLOOKUP($A13,'AKILA THARANI - DAY 13'!$A$3:$C$28,2,0) -> Raji | C13: =VLOOKUP($A13,'AKILA THARANI - DAY 13'!$A$3:$C$28,3,0) -> Science
... A27: Lalitha | B27: =VLOOKUP($A27,'AKILA THARANI - DAY 13'!$A$3:$C$28,2,0) -> Nila | C27: =VLOOKUP($A27,'AKILA THARANI - DAY 13'!$A$3:$C$28,3,0) -> Science
